{
    "player_state": [
        {
            "camera": {
                "Mode": {
                    "CLOSEUP": 1,
                    "FALLING": 4,
                    "LEADER_MODE": 3,
                    "NORMAL": 0,
                    "REVERSE": 2,
                    "name": null,
                    "value": null
                },
                "aspect": 1.0,
                "fov": 1.3962633609771729,
                "mode": 0,
                "projection": [
                    [
                        1.191753625869751,
                        0.0,
                        0.0,
                        0.0
                    ],
                    [
                        0.0,
                        1.191753625869751,
                        0.0,
                        0.0
                    ],
                    [
                        0.0,
                        0.0,
                        1.001001000404358,
                        1.0
                    ],
                    [
                        0.0,
                        0.0,
                        -1.001001000404358,
                        0.0
                    ]
                ],
                "view": [
                    [
                        1.0,
                        0.0,
                        0.0,
                        0.0
                    ],
                    [
                        0.0,
                        1.0,
                        0.0,
                        0.0
                    ],
                    [
                        0.0,
                        0.0,
                        1.0,
                        0.0
                    ],
                    [
                        0.0,
                        0.0,
                        0.0,
                        1.0
                    ]
                ]
            },
            "kart": {
                "attachment": {
                    "Type": {
                        "ANVIL": 1,
                        "BOMB": 2,
                        "BUBBLEGUM_SHIELD": 6,
                        "NOTHING": 9,
                        "PARACHUTE": 0,
                        "SWATTER": 3,
                        "name": null,
                        "value": null
                    },
                    "time_left": 0.0,
                    "type": 9
                },
                "distance_down_track": 0.0,
                "finish_time": 0.0,
                "finished_laps": 0,
                "front": [
                    -6.53972053527832,
                    0.3009110391139984,
                    54.34914779663086
                ],
                "id": 1,
                "jumping": false,
                "lap_time": 0.0,
                "lives": 0,
                "location": [
                    -6.53972053527832,
                    0.3009110391139984,
                    55.06764602661133
                ],
                "max_steer_angle": 0.4247603416442871,
                "name": "Tux",
                "overall_distance": 0.0,
                "player_id": 1,
                "powerup": {
                    "Type": {
                        "ANVIL": 10,
                        "BOWLING": 3,
                        "BUBBLEGUM": 1,
                        "CAKE": 2,
                        "NOTHING": 0,
                        "PARACHUTE": 9,
                        "PLUNGER": 5,
                        "RUBBERBALL": 8,
                        "SWATTER": 7,
                        "SWITCH": 6,
                        "ZIPPER": 4,
                        "name": null,
                        "value": null
                    },
                    "num": 0,
                    "type": 0
                },
                "race_result": false,
                "rotation": [
                    -1.0880949474767476e-08,
                    1.0,
                    2.0372643572130755e-09,
                    -4.371138828673793e-08
                ],
                "shield_time": 0.0,
                "size": [
                    0.8209999799728394,
                    0.675000011920929,
                    1.437000036239624
                ],
                "velocity": [
                    -5.8321725227017396e-09,
                    0.08624196797609329,
                    2.7930491697247817e-08
                ],
                "wheel_base": 1.0084210634231567
            }
        },
        {
            "camera": {
                "Mode": {
                    "CLOSEUP": 1,
                    "FALLING": 4,
                    "LEADER_MODE": 3,
                    "NORMAL": 0,
                    "REVERSE": 2,
                    "name": null,
                    "value": null
                },
                "aspect": 1.0,
                "fov": 1.3962633609771729,
                "mode": 0,
                "projection": [
                    [
                        1.191753625869751,
                        0.0,
                        0.0,
                        0.0
                    ],
                    [
                        0.0,
                        1.191753625869751,
                        0.0,
                        0.0
                    ],
                    [
                        0.0,
                        0.0,
                        1.001001000404358,
                        1.0
                    ],
                    [
                        0.0,
                        0.0,
                        -1.001001000404358,
                        0.0
                    ]
                ],
                "view": [
                    [
                        1.0,
                        0.0,
                        0.0,
                        0.0
                    ],
                    [
                        0.0,
                        1.0,
                        0.0,
                        0.0
                    ],
                    [
                        0.0,
                        0.0,
                        1.0,
                        0.0
                    ],
                    [
                        0.0,
                        0.0,
                        0.0,
                        1.0
                    ]
                ]
            },
            "kart": {
                "attachment": {
                    "Type": {
                        "ANVIL": 1,
                        "BOMB": 2,
                        "BUBBLEGUM_SHIELD": 6,
                        "NOTHING": 9,
                        "PARACHUTE": 0,
                        "SWATTER": 3,
                        "name": null,
                        "value": null
                    },
                    "time_left": 0.0,
                    "type": 9
                },
                "distance_down_track": 0.0,
                "finish_time": 0.0,
                "finished_laps": 0,
                "front": [
                    -0.049997925758361816,
                    0.3009110391139984,
                    51.45927047729492
                ],
                "id": 3,
                "jumping": false,
                "lap_time": 0.0,
                "lives": 0,
                "location": [
                    -0.04999786242842674,
                    0.3009110391139984,
                    52.17776870727539
                ],
                "max_steer_angle": 0.4247603416442871,
                "name": "Tux",
                "overall_distance": 0.0,
                "player_id": 3,
                "powerup": {
                    "Type": {
                        "ANVIL": 10,
                        "BOWLING": 3,
                        "BUBBLEGUM": 1,
                        "CAKE": 2,
                        "NOTHING": 0,
                        "PARACHUTE": 9,
                        "PLUNGER": 5,
                        "RUBBERBALL": 8,
                        "SWATTER": 7,