{"player_state": [{"camera": {"Mode": {"CLOSEUP": 1, "FALLING": 4, "LEADER_MODE": 3, "NORMAL": 0, "REVERSE": 2, "name": null, "value": null}, "aspect": 1.0, "fov": 1.3962633609771729, "mode": 0, "projection": [[1.191753625869751, 0.0, 0.0, 0.0], [0.0, 1.191753625869751, 0.0, 0.0], [0.0, 0.0, 1.001001000404358, 1.0], [0.0, 0.0, -1.001001000404358, 0.0]], "view": [[1.0, 0.0, 0.0, 0.0], [0.0, 1.0, 0.0, 0.0], [0.0, 0.0, 1.0, 0.0], [0.0, 0.0, 0.0, 1.0]]}, "kart": {"attachment": {"Type": {"ANVIL": 1, "BOMB": 2, "BUBBLEGUM_SHIELD": 6, "NOTHING": 9, "PARACHUTE": 0, "SWATTER": 3, "name": null, "value": null}, "time_left": 0.0, "type": 9}, "distance_down_track": 0.0, "finish_time": 0.0, "finished_laps": 0, "front": [-6.550792217254639, 0.2940230369567871, -78.94046020507812], "id": 1, "jumping": false, "lap_time": 0.0, "lives": 0, "location": [-6.550929546356201, 0.2924116253852844, -78.22196197509766], "max_steer_angle": 0.41847482323646545, "name": "Tux", "overall_distance": 0.0, "player_id": 1, "powerup": {"Type": {"ANVIL": 10, "BOWLING": 3, "BUBBLEGUM": 1, "CAKE": 2, "NOTHING": 0, "PARACHUTE": 9, "PLUNGER": 5, "RUBBERBALL": 8, "SWATTER": 7, "SWITCH": 6, "ZIPPER": 4, "name": null, "value": null}, "num": 0, "type": 0}, "race_result": false, "rotation": [-1.6989075447781943e-05, 0.9999993443489075, 0.0011213625548407435, 9.572127601131797e-05], "shield_time": 0.0, "size": [0.8209999799728394, 0.675000011920929, 1.437000036239624], "velocity": [0.0021546967327594757, 0.1607019603252411, -0.12067531049251556], "wheel_base": 1.0084210634231567}}, {"camera": {"Mode": {"CLOSEUP": 1, "FALLING": 4, "LEADER_MODE": 3, "NORMAL": 0, "REVERSE": 2, "name": null, "value": null}, "aspect": 1.0, "fov": 1.3962633609771729, "mode": 0, "projection": [[1.191753625869751, 0.0, 0.0, 0.0], [0.0, 1.191753625869751, 0.0, 0.0], [0.0, 0.0, 1.001001000404358, 1.0], [0.0, 0.0, -1.001001000404358, 0.0]], "view": [[1.0, 0.0, 0.0, 0.0], [0.0, 1.0, 0.0, 0.0], [0.0, 0.0, 1.0, 0.0], [0.0, 0.0, 0.0, 1.0]]}, "kart": {"attachment": {"Type": {"ANVIL": 1, "BOMB": 2, "BUBBLEGUM_SHIELD": 6, "NOTHING": 9, "PARACHUTE": 0, "SWATTER": 3, "name": null, "value": null}, "time_left": 0.0, "type": 9}, "distance_down_track": 0.0, "finish_time": 0.0, "finished_laps": 0, "front": [7.956834316253662, 0.2939266562461853, -78.94049835205078], "id": 3, "jumping": false, "lap_time": 0.0, "lives": 0, "location": [7.956967353820801, 0.29233163595199585, -78.22200012207031], "max_steer_angle": 0.41856712102890015, "name": "Tux", "overall_distance": 0.0, "player_id": 3, "powerup": {"Type": {"ANVIL": 10, "BOWLING": 3, "BUBBLEGUM": 1, "CAKE": 2, "NOTHING": 0, "PARACHUTE": 9, "PLUNGER": 5, "RUBBERBALL": 8, "SWATTER": 7, "SWITCH": 6, "ZIPPER": 4, "name": null, "value": null}, "num": 0, "type": 7}, "race_result": false, "rotation": [-1.0476169336470775e-05, 0.9999994039535522, 0.0011099734110757709, -9.253969619749114e-05], "shield_time": 0.0, "size": [0.8209999799728394, 0.675000011920929, 1.437000036239624], "velocity": [-8.547647303203121e-05, 0.16355276107788086, -0.11710672080516815], "wheel_base": 1.0084210634231567}}], "opponent_state": [{"camera": {"Mode": {"CLOSEUP": 1, "FALLING": 4, "LEADER_MODE": 3, "NORMAL": 0, "REVERSE": 2, "name": null, "value": null}, "aspect": 1.0, "fov": 1.3962633609771729, "mode": 0, "projection": [[1.191753625869751, 0.0, 0.0, 0.0], [0.0, 1.191753625869751, 0.0, 0.0], [0.0, 0.0, 1.001001000404358, 1.0], [0.0, 0.0, -1.001001000404358, 0.0]], "view": [[1.0, 0.0, 0.0, 0.0], [0.0, 1.0, 0.0, 0.0], [0.0, 0.0, 1.0, 0.0], [0.0, 0.0, 0.0, 1.0]]}, "kart": {"attachment": {"Type": {"ANVIL": 1, "BOMB": 2, "BUBBLEGUM_SHIELD": 6, "NOTHING": 9, "PARACHUTE": 0, "SWATTER": 3, "name": null, "value": null}, "time_left": 0.0, "type": 9}, "distance_down_track": 0.0, "finish_time": 0.0, "finished_laps": 0, "front": [-32.130958557128906, 0.2566467225551605, -51.27643966674805], "id": 0, "jumping": false, "lap_time": 0.0, "lives": 0, "location": [-32.0406494140625, 0.2566467225551605, -50.563636779785156], "max_steer_angle": 0.07073123008012772, "name": "Tux", "overall_distance": 0.0, "player_id": 0, "powerup": {"Type": {"ANVIL": 10, "BOWLING": 3, "BUBBLEGUM": 1, "CAKE": 2, "NOTHING": 0, "PARACHUTE": 9, "PLUNGER": 5, "RUBBERBALL": 8, "SWATTER": 7, "SWITCH": 6, "ZIPPER": 4, "name": null, "value": null}, "num": 0, "type": 7}, "race_result": false, "rotation": [1.0291993923772225e-08, 0.9980153441429138, -5.0705883936075224e-09, -0.0629711002111435], "shield_time": 0.0, "size": [0.8209999799728394, 0.675000011920929, 1.437000036239624], "velocity": [-2.710540771484375, 0.0834943950176239, -21.511463165283203], "wheel_base": 1.0084210634231567}}, {"camera": {"Mode": {"CLOSEUP": 1, "FALLING": 4, "LEADER_MODE": 3, "NORMAL": 0, "REVERSE": 2, "name": null, "value": null}, "aspect": 1.0, "fov": 1.3962633609771729, "mode": 0, "projection": [[1.191753625869751, 0.0, 0.0, 0.0], [0.0, 1.191753625869751, 0.0, 0.0], [0.0, 0.0, 1.001001000404358, 1.0], [0.0, 0.0, -1.001001000404358, 0.0]], "view": [[1.0, 0.0, 0.0, 0.0], [0.0, 1.0, 0.0, 0.0], [0.0, 0.0, 1.0, 0.0], [0.0, 0.0, 0.0, 1.0]]}, "kart": {"attachment": {"Type": {"ANVIL": 1, "BOMB": 2, "BUBBLEGUM_SHIELD": 6, "NOTHING": 9, "PARACHUTE": 0, "SWATTER": 3, "name": null, "value": null}, "time_left": 0.0, "type": 9}, "distance_down_track": 0.0, "finish_time": 0.0, "finished_laps": 0, "front": [20.016231536865234, 0.2934441566467285, -2.8806071281433105], "id": 2, "jumping": false, "lap_time": 0.0, "lives": 0, "location": [19.672595977783203, 0.2934441566467285, -3.511604070663452], "max_steer_angle": 0.2828671336174011, "name": "Tux", "overall_distance": 0.0, "player_id": 2, "powerup": {"Type": {"ANVIL": 10, "BOWLING": 3, "BUBBLEGUM": 1, "CAKE": 2, "NOTHING": 0, "PARACHUTE": 9, "PLUNGER": 5, "RUBBERBALL": 8, "SWATTER": 7, "SWITCH": 6, "ZIPPER": 4, "name": null, "value": null}, "num": 0, "type": 0}, "race_result": false, "rotation": [6.702768562405481e-09, 0.24676498770713806, -6.673552377378655e-09, 0.9690753817558289], "shield_time": 0.0, "size": [0.8209999799728394, 0.675000011920929, 1.437000036239624], "velocity": [2.7100820541381836, 0.0602930411696434, 3.821537733078003], "wheel_base": 1.0084210634231567}}], "soccer_state": {"ball": {"id": 134217729, "location": [26.74757957458496, 0.369389146566391, 7.841176986694336], "size": 2.527893304824829}, "goal_line": [[[-10.449999809265137, 0.07000000029802322, -64.5], [10.449999809265137, 0.07000000029802322, -64.5]], [[10.460000038146973, 0.07000000029802322, 64.5], [-10.510000228881836, 0.07000000029802322, 64.5]]], "score": [0, 0]}}