{"player_state": [{"camera": {"Mode": {"CLOSEUP": 1, "FALLING": 4, "LEADER_MODE": 3, "NORMAL": 0, "REVERSE": 2, "name": null, "value": null}, "aspect": 1.0, "fov": 1.3962633609771729, "mode": 0, "projection": [[1.191753625869751, 0.0, 0.0, 0.0], [0.0, 1.191753625869751, 0.0, 0.0], [0.0, 0.0, 1.001001000404358, 1.0], [0.0, 0.0, -1.001001000404358, 0.0]], "view": [[1.0, 0.0, 0.0, 0.0], [0.0, 1.0, 0.0, 0.0], [0.0, 0.0, 1.0, 0.0], [0.0, 0.0, 0.0, 1.0]]}, "kart": {"attachment": {"Type": {"ANVIL": 1, "BOMB": 2, "BUBBLEGUM_SHIELD": 6, "NOTHING": 9, "PARACHUTE": 0, "SWATTER": 3, "name": null, "value": null}, "time_left": 0.0, "type": 9}, "distance_down_track": 0.0, "finish_time": 0.0, "finished_laps": 0, "front": [-6.837021827697754, 0.293937087059021, -78.94049835205078], "id": 1, "jumping": false, "lap_time": 0.0, "lives": 0, "location": [-6.836904048919678, 0.29234233498573303, -78.22200012207031], "max_steer_angle": 0.4185675382614136, "name": "Tux", "overall_distance": 0.0, "player_id": 1, "powerup": {"Type": {"ANVIL": 10, "BOWLING": 3, "BUBBLEGUM": 1, "CAKE": 2, "NOTHING": 0, "PARACHUTE": 9, "PLUNGER": 5, "RUBBERBALL": 8, "SWATTER": 7, "SWITCH": 6, "ZIPPER": 4, "name": null, "value": null}, "num": 0, "type": 0}, "race_result": false, "rotation": [-6.78685410093749e-08, 0.9999994039535522, 0.0011097845854237676, -8.207699283957481e-05], "shield_time": 0.0, "size": [0.8209999799728394, 0.675000011920929, 1.437000036239624], "velocity": [-8.199202420655638e-05, 0.16351789236068726, -0.11676649004220963], "wheel_base": 1.0084210634231567}}, {"camera": {"Mode": {"CLOSEUP": 1, "FALLING": 4, "LEADER_MODE": 3, "NORMAL": 0, "REVERSE": 2, "name": null, "value": null}, "aspect": 1.0, "fov": 1.3962633609771729, "mode": 0, "projection": [[1.191753625869751, 0.0, 0.0, 0.0], [0.0, 1.191753625869751, 0.0, 0.0], [0.0, 0.0, 1.001001000404358, 1.0], [0.0, 0.0, -1.001001000404358, 0.0]], "view": [[1.0, 0.0, 0.0, 0.0], [0.0, 1.0, 0.0, 0.0], [0.0, 0.0, 1.0, 0.0], [0.0, 0.0, 0.0, 1.0]]}, "kart": {"attachment": {"Type": {"ANVIL": 1, "BOMB": 2, "BUBBLEGUM_SHIELD": 6, "NOTHING": 9, "PARACHUTE": 0, "SWATTER": 3, "name": null, "value": null}, "time_left": 0.0, "type": 9}, "distance_down_track": 0.0, "finish_time": 0.0, "finished_laps": 0, "front": [7.955191612243652, 0.29392990469932556, -78.94049835205078], "id": 3, "jumping": false, "lap_time": 0.0, "lives": 0, "location": [7.955325126647949, 0.29233482480049133, -78.22200012207031], "max_steer_angle": 0.41856464743614197, "name": "Tux", "overall_distance": 0.0, "player_id": 3, "powerup": {"Type": {"ANVIL": 10, "BOWLING": 3, "BUBBLEGUM": 1, "CAKE": 2, "NOTHING": 0, "PARACHUTE": 9, "PLUNGER": 5, "RUBBERBALL": 8, "SWATTER": 7, "SWITCH": 6, "ZIPPER": 4, "name": null, "value": null}, "num": 0, "type": 7}, "race_result": false, "rotation": [-1.3048041864749393e-06, 0.9999994039535522, 0.001110002864152193, -9.291173046221957e-05], "shield_time": 0.0, "size": [0.8209999799728394, 0.675000011920929, 1.437000036239624], "velocity": [-8.659932791488245e-05, 0.16360248625278473, -0.11684706807136536], "wheel_base": 1.0084210634231567}}], "opponent_state": [{"camera": {"Mode": {"CLOSEUP": 1, "FALLING": 4, "LEADER_MODE": 3, "NORMAL": 0, "REVERSE": 2, "name": null, "value": null}, "aspect": 1.0, "fov": 1.3962633609771729, "mode": 0, "projection": [[1.191753625869751, 0.0, 0.0, 0.0], [0.0, 1.191753625869751, 0.0, 0.0], [0.0, 0.0, 1.001001000404358, 1.0], [0.0, 0.0, -1.001001000404358, 0.0]], "view": [[1.0, 0.0, 0.0, 0.0], [0.0, 1.0, 0.0, 0.0], [0.0, 0.0, 1.0, 0.0], [0.0, 0.0, 0.0, 1.0]]}, "kart": {"attachment": {"Type": {"ANVIL": 1, "BOMB": 2, "BUBBLEGUM_SHIELD": 6, "NOTHING": 9, "PARACHUTE": 0, "SWATTER": 3, "name": null, "value": null}, "time_left": 0.0, "type": 9}, "distance_down_track": 0.0, "finish_time": 0.0, "finished_laps": 0, "front": [0.5091049671173096, 0.29837754368782043, -66.75243377685547], "id": 0, "jumping": false, "lap_time": 0.0, "lives": 0, "location": [-0.14597876369953156, 0.29837754368782043, -67.04757690429688], "max_steer_angle": 0.4080870747566223, "name": "Tux", "overall_distance": 0.0, "player_id": 0, "powerup": {"Type": {"ANVIL": 10, "BOWLING": 3, "BUBBLEGUM": 1, "CAKE": 2, "NOTHING": 0, "PARACHUTE": 9, "PLUNGER": 5, "RUBBERBALL": 8, "SWATTER": 7, "SWITCH": 6, "ZIPPER": 4, "name": null, "value": null}, "num": 0, "type": 0}, "race_result": false, "rotation": [6.698334331645128e-09, 0.5427834391593933, 9.060525663073804e-09, 0.8398727178573608], "shield_time": 0.0, "size": [0.8209999799728394, 0.675000011920929, 1.437000036239624], "velocity": [0.5409941077232361, 0.09645481407642365, 0.34733906388282776], "wheel_base": 1.0084210634231567}}, {"camera": {"Mode": {"CLOSEUP": 1, "FALLING": 4, "LEADER_MODE": 3, "NORMAL": 0, "REVERSE": 2, "name": null, "value": null}, "aspect": 1.0, "fov": 1.3962633609771729, "mode": 0, "projection": [[1.191753625869751, 0.0, 0.0, 0.0], [0.0, 1.191753625869751, 0.0, 0.0], [0.0, 0.0, 1.001001000404358, 1.0], [0.0, 0.0, -1.001001000404358, 0.0]], "view": [[1.0, 0.0, 0.0, 0.0], [0.0, 1.0, 0.0, 0.0], [0.0, 0.0, 1.0, 0.0], [0.0, 0.0, 0.0, 1.0]]}, "kart": {"attachment": {"Type": {"ANVIL": 1, "BOMB": 2, "BUBBLEGUM_SHIELD": 6, "NOTHING": 9, "PARACHUTE": 0, "SWATTER": 3, "name": null, "value": null}, "time_left": 0.0, "type": 9}, "distance_down_track": 0.0, "finish_time": 0.0, "finished_laps": 0, "front": [6.662850856781006, 0.28347763419151306, 66.60749816894531], "id": 2, "jumping": false, "lap_time": 0.0, "lives": 0, "location": [5.949784755706787, 0.28347763419151306, 66.51930236816406], "max_steer_angle": 0.4247603416442871, "name": "Tux", "overall_distance": 0.0, "player_id": 2, "powerup": {"Type": {"ANVIL": 10, "BOWLING": 3, "BUBBLEGUM": 1, "CAKE": 2, "NOTHING": 0, "PARACHUTE": 9, "PLUNGER": 5, "RUBBERBALL": 8, "SWATTER": 7, "SWITCH": 6, "ZIPPER": 4, "name": null, "value": null}, "num": 0, "type": 0}, "race_result": false, "rotation": [-1.0119709514810893e-08, 0.6622868776321411, -5.985451245749118e-09, 0.7492503523826599], "shield_time": 0.0, "size": [0.8209999799728394, 0.675000011920929, 1.437000036239624], "velocity": [-9.763045310974121, 0.03782157599925995, -3.2928524017333984], "wheel_base": 1.0084210634231567}}], "soccer_state": {"ball": {"id": 134217729, "location": [7.3274431228637695, 0.3693891763687134, 60.73320388793945], "size": 2.527893304824829}, "goal_line": [[[-10.449999809265137, 0.07000000029802322, -64.5], [10.449999809265137, 0.07000000029802322, -64.5]], [[10.460000038146973, 0.07000000029802322, 64.5], [-10.510000228881836, 0.07000000029802322, 64.5]]], "score": [0, 0]}}