{"player_state": [{"camera": {"Mode": {"CLOSEUP": 1, "FALLING": 4, "LEADER_MODE": 3, "NORMAL": 0, "REVERSE": 2, "name": null, "value": null}, "aspect": 1.0, "fov": 1.3962633609771729, "mode": 0, "projection": [[1.191753625869751, 0.0, 0.0, 0.0], [0.0, 1.191753625869751, 0.0, 0.0], [0.0, 0.0, 1.001001000404358, 1.0], [0.0, 0.0, -1.001001000404358, 0.0]], "view": [[1.0, 0.0, 0.0, 0.0], [0.0, 1.0, 0.0, 0.0], [0.0, 0.0, 1.0, 0.0], [0.0, 0.0, 0.0, 1.0]]}, "kart": {"attachment": {"Type": {"ANVIL": 1, "BOMB": 2, "BUBBLEGUM_SHIELD": 6, "NOTHING": 9, "PARACHUTE": 0, "SWATTER": 3, "name": null, "value": null}, "time_left": 0.0, "type": 9}, "distance_down_track": 0.0, "finish_time": 0.0, "finished_laps": 0, "front": [-6.838039398193359, 0.29393184185028076, -78.94049835205078], "id": 1, "jumping": false, "lap_time": 0.0, "lives": 0, "location": [-6.837906837463379, 0.29233676195144653, -78.22200012207031], "max_steer_angle": 0.41856759786605835, "name": "Tux", "overall_distance": 0.0, "player_id": 1, "powerup": {"Type": {"ANVIL": 10, "BOWLING": 3, "BUBBLEGUM": 1, "CAKE": 2, "NOTHING": 0, "PARACHUTE": 9, "PLUNGER": 5, "RUBBERBALL": 8, "SWATTER": 7, "SWITCH": 6, "ZIPPER": 4, "name": null, "value": null}, "num": 0, "type": 0}, "race_result": false, "rotation": [-2.6191894448857056e-06, 0.9999994039535522, 0.0011100113624706864, -9.222368680639192e-05], "shield_time": 0.0, "size": [0.8209999799728394, 0.675000011920929, 1.437000036239624], "velocity": [-8.456584328087047e-05, 0.1635766327381134, -0.1167740672826767], "wheel_base": 1.0084210634231567}}, {"camera": {"Mode": {"CLOSEUP": 1, "FALLING": 4, "LEADER_MODE": 3, "NORMAL": 0, "REVERSE": 2, "name": null, "value": null}, "aspect": 1.0, "fov": 1.3962633609771729, "mode": 0, "projection": [[1.191753625869751, 0.0, 0.0, 0.0], [0.0, 1.191753625869751, 0.0, 0.0], [0.0, 0.0, 1.001001000404358, 1.0], [0.0, 0.0, -1.001001000404358, 0.0]], "view": [[1.0, 0.0, 0.0, 0.0], [0.0, 1.0, 0.0, 0.0], [0.0, 0.0, 1.0, 0.0], [0.0, 0.0, 0.0, 1.0]]}, "kart": {"attachment": {"Type": {"ANVIL": 1, "BOMB": 2, "BUBBLEGUM_SHIELD": 6, "NOTHING": 9, "PARACHUTE": 0, "SWATTER": 3, "name": null, "value": null}, "time_left": 0.0, "type": 9}, "distance_down_track": 0.0, "finish_time": 0.0, "finished_laps": 0, "front": [7.954109191894531, 0.2939285635948181, -78.94049835205078], "id": 3, "jumping": false, "lap_time": 0.0, "lives": 0, "location": [7.954235553741455, 0.2923334240913391, -78.22200012207031], "max_steer_angle": 0.4185645580291748, "name": "Tux", "overall_distance": 0.0, "player_id": 3, "powerup": {"Type": {"ANVIL": 10, "BOWLING": 3, "BUBBLEGUM": 1, "CAKE": 2, "NOTHING": 0, "PARACHUTE": 9, "PLUNGER": 5, "RUBBERBALL": 8, "SWATTER": 7, "SWITCH": 6, "ZIPPER": 4, "name": null, "value": null}, "num": 0, "type": 7}, "race_result": false, "rotation": [-1.4983961591497064e-06, 0.9999994039535522, 0.0011100559495389462, -8.782038639765233e-05], "shield_time": 0.0, "size": [0.8209999799728394, 0.675000011920929, 1.437000036239624], "velocity": [-6.332926568575203e-05, 0.16355352103710175, -0.11717487126588821], "wheel_base": 1.0084210634231567}}], "opponent_state": [{"camera": {"Mode": {"CLOSEUP": 1, "FALLING": 4, "LEADER_MODE": 3, "NORMAL": 0, "REVERSE": 2, "name": null, "value": null}, "aspect": 1.0, "fov": 1.3962633609771729, "mode": 0, "projection": [[1.191753625869751, 0.0, 0.0, 0.0], [0.0, 1.191753625869751, 0.0, 0.0], [0.0, 0.0, 1.001001000404358, 1.0], [0.0, 0.0, -1.001001000404358, 0.0]], "view": [[1.0, 0.0, 0.0, 0.0], [0.0, 1.0, 0.0, 0.0], [0.0, 0.0, 1.0, 0.0], [0.0, 0.0, 0.0, 1.0]]}, "kart": {"attachment": {"Type": {"ANVIL": 1, "BOMB": 2, "BUBBLEGUM_SHIELD": 6, "NOTHING": 9, "PARACHUTE": 0, "SWATTER": 3, "name": null, "value": null}, "time_left": 0.0, "type": 9}, "distance_down_track": 0.0, "finish_time": 0.0, "finished_laps": 0, "front": [0.6766738891601562, 0.2965376079082489, -66.50764465332031], "id": 0, "jumping": false, "lap_time": 0.0, "lives": 0, "location": [0.09800440073013306, 0.2965376079082489, -66.93354034423828], "max_steer_angle": 0.34692156314849854, "name": "Tux", "overall_distance": 0.0, "player_id": 0, "powerup": {"Type": {"ANVIL": 10, "BOWLING": 3, "BUBBLEGUM": 1, "CAKE": 2, "NOTHING": 0, "PARACHUTE": 9, "PLUNGER": 5, "RUBBERBALL": 8, "SWATTER": 7, "SWITCH": 6, "ZIPPER": 4, "name": null, "value": null}, "num": 0, "type": 0}, "race_result": false, "rotation": [-4.793202279529396e-09, 0.4512474834918976, 2.898391082695184e-09, 0.8923988342285156], "shield_time": 0.0, "size": [0.8209999799728394, 0.675000011920929, 1.437000036239624], "velocity": [1.7318528890609741, 0.0734630823135376, 1.5622278451919556], "wheel_base": 1.0084210634231567}}, {"camera": {"Mode": {"CLOSEUP": 1, "FALLING": 4, "LEADER_MODE": 3, "NORMAL": 0, "REVERSE": 2, "name": null, "value": null}, "aspect": 1.0, "fov": 1.3962633609771729, "mode": 0, "projection": [[1.191753625869751, 0.0, 0.0, 0.0], [0.0, 1.191753625869751, 0.0, 0.0], [0.0, 0.0, 1.001001000404358, 1.0], [0.0, 0.0, -1.001001000404358, 0.0]], "view": [[1.0, 0.0, 0.0, 0.0], [0.0, 1.0, 0.0, 0.0], [0.0, 0.0, 1.0, 0.0], [0.0, 0.0, 0.0, 1.0]]}, "kart": {"attachment": {"Type": {"ANVIL": 1, "BOMB": 2, "BUBBLEGUM_SHIELD": 6, "NOTHING": 9, "PARACHUTE": 0, "SWATTER": 3, "name": null, "value": null}, "time_left": 0.0, "type": 9}, "distance_down_track": 0.0, "finish_time": 0.0, "finished_laps": 0, "front": [20.3931827545166, 0.28683456778526306, 31.737897872924805], "id": 2, "jumping": false, "lap_time": 0.0, "lives": 0, "location": [21.091947555541992, 0.28683456778526306, 31.90513801574707], "max_steer_angle": 0.4247603416442871, "name": "Tux", "overall_distance": 0.0, "player_id": 2, "powerup": {"Type": {"ANVIL": 10, "BOWLING": 3, "BUBBLEGUM": 1, "CAKE": 2, "NOTHING": 0, "PARACHUTE": 9, "PLUNGER": 5, "RUBBERBALL": 8, "SWATTER": 7, "SWITCH": 6, "ZIPPER": 4, "name": null, "value": null}, "num": 0, "type": 0}, "race_result": false, "rotation": [-7.740454499582938e-09, -0.7850997447967529, 9.457613359131756e-09, 0.6193695068359375], "shield_time": 0.0, "size": [0.8209999799728394, 0.675000011920929, 1.437000036239624], "velocity": [-0.12876206636428833, 0.18479646742343903, 0.014405764639377594], "wheel_base": 1.0084210634231567}}], "soccer_state": {"ball": {"id": 134217729, "location": [12.102746963500977, 0.3693891763687134, 28.530597686767578], "size": 2.527893304824829}, "goal_line": [[[-10.449999809265137, 0.07000000029802322, -64.5], [10.449999809265137, 0.07000000029802322, -64.5]], [[10.460000038146973, 0.07000000029802322, 64.5], [-10.510000228881836, 0.07000000029802322, 64.5]]], "score": [0, 0]}}