{"player_state": [{"camera": {"Mode": {"CLOSEUP": 1, "FALLING": 4, "LEADER_MODE": 3, "NORMAL": 0, "REVERSE": 2, "name": null, "value": null}, "aspect": 1.0, "fov": 1.3962633609771729, "mode": 0, "projection": [[1.191753625869751, 0.0, 0.0, 0.0], [0.0, 1.191753625869751, 0.0, 0.0], [0.0, 0.0, 1.001001000404358, 1.0], [0.0, 0.0, -1.001001000404358, 0.0]], "view": [[1.0, 0.0, 0.0, 0.0], [0.0, 1.0, 0.0, 0.0], [0.0, 0.0, 1.0, 0.0], [0.0, 0.0, 0.0, 1.0]]}, "kart": {"attachment": {"Type": {"ANVIL": 1, "BOMB": 2, "BUBBLEGUM_SHIELD": 6, "NOTHING": 9, "PARACHUTE": 0, "SWATTER": 3, "name": null, "value": null}, "time_left": 0.0, "type": 9}, "distance_down_track": 0.0, "finish_time": 0.0, "finished_laps": 0, "front": [-6.838220596313477, 0.29393163323402405, -78.94049835205078], "id": 1, "jumping": false, "lap_time": 0.0, "lives": 0, "location": [-6.838090896606445, 0.2923365533351898, -78.22200012207031], "max_steer_angle": 0.4185607135295868, "name": "Tux", "overall_distance": 0.0, "player_id": 1, "powerup": {"Type": {"ANVIL": 10, "BOWLING": 3, "BUBBLEGUM": 1, "CAKE": 2, "NOTHING": 0, "PARACHUTE": 9, "PLUNGER": 5, "RUBBERBALL": 8, "SWATTER": 7, "SWITCH": 6, "ZIPPER": 4, "name": null, "value": null}, "num": 0, "type": 0}, "race_result": false, "rotation": [4.52206847967318e-07, 0.9999994039535522, 0.00110999948810786, -9.019581193570048e-05], "shield_time": 0.0, "size": [0.8209999799728394, 0.675000011920929, 1.437000036239624], "velocity": [-8.29040800454095e-05, 0.16356827318668365, -0.1169624999165535], "wheel_base": 1.0084210634231567}}, {"camera": {"Mode": {"CLOSEUP": 1, "FALLING": 4, "LEADER_MODE": 3, "NORMAL": 0, "REVERSE": 2, "name": null, "value": null}, "aspect": 1.0, "fov": 1.3962633609771729, "mode": 0, "projection": [[1.191753625869751, 0.0, 0.0, 0.0], [0.0, 1.191753625869751, 0.0, 0.0], [0.0, 0.0, 1.001001000404358, 1.0], [0.0, 0.0, -1.001001000404358, 0.0]], "view": [[1.0, 0.0, 0.0, 0.0], [0.0, 1.0, 0.0, 0.0], [0.0, 0.0, 1.0, 0.0], [0.0, 0.0, 0.0, 1.0]]}, "kart": {"attachment": {"Type": {"ANVIL": 1, "BOMB": 2, "BUBBLEGUM_SHIELD": 6, "NOTHING": 9, "PARACHUTE": 0, "SWATTER": 3, "name": null, "value": null}, "time_left": 0.0, "type": 9}, "distance_down_track": 0.0, "finish_time": 0.0, "finished_laps": 0, "front": [7.953914165496826, 0.2939267158508301, -78.94049835205078], "id": 3, "jumping": false, "lap_time": 0.0, "lives": 0, "location": [7.954041004180908, 0.29233166575431824, -78.22200012207031], "max_steer_angle": 0.41855892539024353, "name": "Tux", "overall_distance": 0.0, "player_id": 3, "powerup": {"Type": {"ANVIL": 10, "BOWLING": 3, "BUBBLEGUM": 1, "CAKE": 2, "NOTHING": 0, "PARACHUTE": 9, "PLUNGER": 5, "RUBBERBALL": 8, "SWATTER": 7, "SWITCH": 6, "ZIPPER": 4, "name": null, "value": null}, "num": 0, "type": 7}, "race_result": false, "rotation": [-4.381334747449728e-06, 0.9999994039535522, 0.0011099886614829302, -8.831435843603685e-05], "shield_time": 0.0, "size": [0.8209999799728394, 0.675000011920929, 1.437000036239624], "velocity": [-8.505380537826568e-05, 0.16360433399677277, -0.11734422296285629], "wheel_base": 1.0084210634231567}}], "opponent_state": [{"camera": {"Mode": {"CLOSEUP": 1, "FALLING": 4, "LEADER_MODE": 3, "NORMAL": 0, "REVERSE": 2, "name": null, "value": null}, "aspect": 1.0, "fov": 1.3962633609771729, "mode": 0, "projection": [[1.191753625869751, 0.0, 0.0, 0.0], [0.0, 1.191753625869751, 0.0, 0.0], [0.0, 0.0, 1.001001000404358, 1.0], [0.0, 0.0, -1.001001000404358, 0.0]], "view": [[1.0, 0.0, 0.0, 0.0], [0.0, 1.0, 0.0, 0.0], [0.0, 0.0, 1.0, 0.0], [0.0, 0.0, 0.0, 1.0]]}, "kart": {"attachment": {"Type": {"ANVIL": 1, "BOMB": 2, "BUBBLEGUM_SHIELD": 6, "NOTHING": 9, "PARACHUTE": 0, "SWATTER": 3, "name": null, "value": null}, "time_left": 0.0, "type": 9}, "distance_down_track": 0.0, "finish_time": 0.0, "finished_laps": 0, "front": [0.3926941752433777, 0.2906339764595032, -66.65795135498047], "id": 0, "jumping": false, "lap_time": 0.0, "lives": 0, "location": [-0.13337582349777222, 0.2906339764595032, -67.14733123779297], "max_steer_angle": 0.4247603416442871, "name": "Tux", "overall_distance": 0.0, "player_id": 0, "powerup": {"Type": {"ANVIL": 10, "BOWLING": 3, "BUBBLEGUM": 1, "CAKE": 2, "NOTHING": 0, "PARACHUTE": 9, "PLUNGER": 5, "RUBBERBALL": 8, "SWATTER": 7, "SWITCH": 6, "ZIPPER": 4, "name": null, "value": null}, "num": 0, "type": 0}, "race_result": false, "rotation": [2.377559704669352e-09, 0.399303674697876, 7.395923873332322e-09, 0.9168187379837036], "shield_time": 0.0, "size": [0.8209999799728394, 0.675000011920929, 1.437000036239624], "velocity": [-4.68135929107666, 0.03114698827266693, -4.164451599121094], "wheel_base": 1.0084210634231567}}, {"camera": {"Mode": {"CLOSEUP": 1, "FALLING": 4, "LEADER_MODE": 3, "NORMAL": 0, "REVERSE": 2, "name": null, "value": null}, "aspect": 1.0, "fov": 1.3962633609771729, "mode": 0, "projection": [[1.191753625869751, 0.0, 0.0, 0.0], [0.0, 1.191753625869751, 0.0, 0.0], [0.0, 0.0, 1.001001000404358, 1.0], [0.0, 0.0, -1.001001000404358, 0.0]], "view": [[1.0, 0.0, 0.0, 0.0], [0.0, 1.0, 0.0, 0.0], [0.0, 0.0, 1.0, 0.0], [0.0, 0.0, 0.0, 1.0]]}, "kart": {"attachment": {"Type": {"ANVIL": 1, "BOMB": 2, "BUBBLEGUM_SHIELD": 6, "NOTHING": 9, "PARACHUTE": 0, "SWATTER": 3, "name": null, "value": null}, "time_left": 0.0, "type": 9}, "distance_down_track": 0.0, "finish_time": 0.0, "finished_laps": 0, "front": [13.619647026062012, 0.2786083519458771, 26.291675567626953], "id": 2, "jumping": false, "lap_time": 0.0, "lives": 0, "location": [14.338000297546387, 0.2786083519458771, 26.27715301513672], "max_steer_angle": 0.4247603416442871, "name": "Tux", "overall_distance": 0.0, "player_id": 2, "powerup": {"Type": {"ANVIL": 10, "BOWLING": 3, "BUBBLEGUM": 1, "CAKE": 2, "NOTHING": 0, "PARACHUTE": 9, "PLUNGER": 5, "RUBBERBALL": 8, "SWATTER": 7, "SWITCH": 6, "ZIPPER": 4, "name": null, "value": null}, "num": 0, "type": 0}, "race_result": false, "rotation": [6.6315384295023705e-09, -0.6999238133430481, -2.7172661898333672e-09, 0.7142175436019897], "shield_time": 0.0, "size": [0.8209999799728394, 0.675000011920929, 1.437000036239624], "velocity": [11.045609474182129, 0.07955595850944519, 2.1116299629211426], "wheel_base": 1.0084210634231567}}], "soccer_state": {"ball": {"id": 134217729, "location": [12.102746963500977, 0.3693891763687134, 28.530597686767578], "size": 2.527893304824829}, "goal_line": [[[-10.449999809265137, 0.07000000029802322, -64.5], [10.449999809265137, 0.07000000029802322, -64.5]], [[10.460000038146973, 0.07000000029802322, 64.5], [-10.510000228881836, 0.07000000029802322, 64.5]]], "score": [0, 0]}}