{"player_state": [{"camera": {"Mode": {"CLOSEUP": 1, "FALLING": 4, "LEADER_MODE": 3, "NORMAL": 0, "REVERSE": 2, "name": null, "value": null}, "aspect": 1.0, "fov": 1.3962633609771729, "mode": 0, "projection": [[1.191753625869751, 0.0, 0.0, 0.0], [0.0, 1.191753625869751, 0.0, 0.0], [0.0, 0.0, 1.001001000404358, 1.0], [0.0, 0.0, -1.001001000404358, 0.0]], "view": [[1.0, 0.0, 0.0, 0.0], [0.0, 1.0, 0.0, 0.0], [0.0, 0.0, 1.0, 0.0], [0.0, 0.0, 0.0, 1.0]]}, "kart": {"attachment": {"Type": {"ANVIL": 1, "BOMB": 2, "BUBBLEGUM_SHIELD": 6, "NOTHING": 9, "PARACHUTE": 0, "SWATTER": 3, "name": null, "value": null}, "time_left": 0.0, "type": 9}, "distance_down_track": 0.0, "finish_time": 0.0, "finished_laps": 0, "front": [-7.689436912536621, 0.2939329743385315, -78.94050598144531], "id": 1, "jumping": false, "lap_time": 0.0, "lives": 0, "location": [-7.689321041107178, 0.29233819246292114, -78.22200775146484], "max_steer_angle": 0.4185653030872345, "name": "Tux", "overall_distance": 0.0, "player_id": 1, "powerup": {"Type": {"ANVIL": 10, "BOWLING": 3, "BUBBLEGUM": 1, "CAKE": 2, "NOTHING": 0, "PARACHUTE": 9, "PLUNGER": 5, "RUBBERBALL": 8, "SWATTER": 7, "SWITCH": 6, "ZIPPER": 4, "name": null, "value": null}, "num": 0, "type": 0}, "race_result": false, "rotation": [9.041027055900486e-07, 0.9999994039535522, 0.001109801814891398, -8.047628216445446e-05], "shield_time": 0.0, "size": [0.8209999799728394, 0.675000011920929, 1.437000036239624], "velocity": [-0.00014087943418417126, 0.16342520713806152, -0.11652068793773651], "wheel_base": 1.0084210634231567}}, {"camera": {"Mode": {"CLOSEUP": 1, "FALLING": 4, "LEADER_MODE": 3, "NORMAL": 0, "REVERSE": 2, "name": null, "value": null}, "aspect": 1.0, "fov": 1.3962633609771729, "mode": 0, "projection": [[1.191753625869751, 0.0, 0.0, 0.0], [0.0, 1.191753625869751, 0.0, 0.0], [0.0, 0.0, 1.001001000404358, 1.0], [0.0, 0.0, -1.001001000404358, 0.0]], "view": [[1.0, 0.0, 0.0, 0.0], [0.0, 1.0, 0.0, 0.0], [0.0, 0.0, 1.0, 0.0], [0.0, 0.0, 0.0, 1.0]]}, "kart": {"attachment": {"Type": {"ANVIL": 1, "BOMB": 2, "BUBBLEGUM_SHIELD": 6, "NOTHING": 9, "PARACHUTE": 0, "SWATTER": 3, "name": null, "value": null}, "time_left": 0.0, "type": 9}, "distance_down_track": 0.0, "finish_time": 0.0, "finished_laps": 0, "front": [7.95219087600708, 0.293930321931839, -78.94049835205078], "id": 3, "jumping": false, "lap_time": 0.0, "lives": 0, "location": [7.952322483062744, 0.29233518242836, -78.22200012207031], "max_steer_angle": 0.4185616075992584, "name": "Tux", "overall_distance": 0.0, "player_id": 3, "powerup": {"Type": {"ANVIL": 10, "BOWLING": 3, "BUBBLEGUM": 1, "CAKE": 2, "NOTHING": 0, "PARACHUTE": 9, "PLUNGER": 5, "RUBBERBALL": 8, "SWATTER": 7, "SWITCH": 6, "ZIPPER": 4, "name": null, "value": null}, "num": 0, "type": 7}, "race_result": false, "rotation": [-2.517718257877277e-06, 0.9999994039535522, 0.001110045239329338, -9.149061952484772e-05], "shield_time": 0.0, "size": [0.8209999799728394, 0.675000011920929, 1.437000036239624], "velocity": [-8.262301707873121e-05, 0.16359509527683258, -0.11693868786096573], "wheel_base": 1.0084210634231567}}], "opponent_state": [{"camera": {"Mode": {"CLOSEUP": 1, "FALLING": 4, "LEADER_MODE": 3, "NORMAL": 0, "REVERSE": 2, "name": null, "value": null}, "aspect": 1.0, "fov": 1.3962633609771729, "mode": 0, "projection": [[1.191753625869751, 0.0, 0.0, 0.0], [0.0, 1.191753625869751, 0.0, 0.0], [0.0, 0.0, 1.001001000404358, 1.0], [0.0, 0.0, -1.001001000404358, 0.0]], "view": [[1.0, 0.0, 0.0, 0.0], [0.0, 1.0, 0.0, 0.0], [0.0, 0.0, 1.0, 0.0], [0.0, 0.0, 0.0, 1.0]]}, "kart": {"attachment": {"Type": {"ANVIL": 1, "BOMB": 2, "BUBBLEGUM_SHIELD": 6, "NOTHING": 9, "PARACHUTE": 0, "SWATTER": 3, "name": null, "value": null}, "time_left": 0.0, "type": 9}, "distance_down_track": 0.0, "finish_time": 0.0, "finished_laps": 0, "front": [0.7927173972129822, 0.2912571132183075, -25.89099884033203], "id": 0, "jumping": false, "lap_time": 0.0, "lives": 0, "location": [1.4772484302520752, 0.2912571132183075, -26.109310150146484], "max_steer_angle": 0.26850128173828125, "name": "Tux", "overall_distance": 0.0, "player_id": 0, "powerup": {"Type": {"ANVIL": 10, "BOWLING": 3, "BUBBLEGUM": 1, "CAKE": 2, "NOTHING": 0, "PARACHUTE": 9, "PLUNGER": 5, "RUBBERBALL": 8, "SWATTER": 7, "SWITCH": 6, "ZIPPER": 4, "name": null, "value": null}, "num": 0, "type": 0}, "race_result": false, "rotation": [-5.050954099417027e-10, -0.5899821519851685, -2.944124721793173e-09, 0.8074162602424622], "shield_time": 0.0, "size": [0.8209999799728394, 0.675000011920929, 1.437000036239624], "velocity": [-4.44109582901001, 0.0808105319738388, 1.9784371852874756], "wheel_base": 1.0084210634231567}}, {"camera": {"Mode": {"CLOSEUP": 1, "FALLING": 4, "LEADER_MODE": 3, "NORMAL": 0, "REVERSE": 2, "name": null, "value": null}, "aspect": 1.0, "fov": 1.3962633609771729, "mode": 0, "projection": [[1.191753625869751, 0.0, 0.0, 0.0], [0.0, 1.191753625869751, 0.0, 0.0], [0.0, 0.0, 1.001001000404358, 1.0], [0.0, 0.0, -1.001001000404358, 0.0]], "view": [[1.0, 0.0, 0.0, 0.0], [0.0, 1.0, 0.0, 0.0], [0.0, 0.0, 1.0, 0.0], [0.0, 0.0, 0.0, 1.0]]}, "kart": {"attachment": {"Type": {"ANVIL": 1, "BOMB": 2, "BUBBLEGUM_SHIELD": 6, "NOTHING": 9, "PARACHUTE": 0, "SWATTER": 3, "name": null, "value": null}, "time_left": 0.0, "type": 9}, "distance_down_track": 0.0, "finish_time": 0.0, "finished_laps": 0, "front": [-2.9147276878356934, 0.28246834874153137, 63.047203063964844], "id": 2, "jumping": false, "lap_time": 0.0, "lives": 0, "location": [-2.2184431552886963, 0.28246834874153137, 63.2244873046875], "max_steer_angle": 0.4247603416442871, "name": "Tux", "overall_distance": 0.0, "player_id": 2, "powerup": {"Type": {"ANVIL": 10, "BOWLING": 3, "BUBBLEGUM": 1, "CAKE": 2, "NOTHING": 0, "PARACHUTE": 9, "PLUNGER": 5, "RUBBERBALL": 8, "SWATTER": 7, "SWITCH": 6, "ZIPPER": 4, "name": null, "value": null}, "num": 0, "type": 0}, "race_result": false, "rotation": [-1.2772347623979385e-08, -0.789539098739624, 1.6110597300666996e-08, 0.613700270652771], "shield_time": 0.0, "size": [0.8209999799728394, 0.675000011920929, 1.437000036239624], "velocity": [10.762203216552734, 0.0385170578956604, 0.4968125522136688], "wheel_base": 1.0084210634231567}}], "soccer_state": {"ball": {"id": 134217729, "location": [1.096229910850525, 0.3693891763687134, 59.6381721496582], "size": 2.527893304824829}, "goal_line": [[[-10.449999809265137, 0.07000000029802322, -64.5], [10.449999809265137, 0.07000000029802322, -64.5]], [[10.460000038146973, 0.07000000029802322, 64.5], [-10.510000228881836, 0.07000000029802322, 64.5]]], "score": [0, 0]}}